Date/Time (PST),Battery Voltage (v),"Precipitation ("")","24 Hour Snow ("")","Total Snow Depth ("")",Temperature (deg F),Relative Humidity (%)
2015-12-31 23:00,13.02,0.0,0.615,76.1,,
2015-12-31 22:00,13.18,0.0,0.614,76.23,,
2015-12-31 21:00,13.04,0.0,0.614,76.1,,
2015-12-31 20:00,13.08,0.0,0.614,76.1,,
2015-12-31 19:00,13.15,0.0,0.614,76.23,,
2015-12-31 18:00,13.09,0.0,0.614,76.23,,
2015-12-31 17:00,13.81,0.0,0.614,76.3,,
2015-12-31 16:00,13.07,0.0,0.614,76.7,,
2015-12-31 15:00,13.07,0.0,0.614,76.36,,
2015-12-31 14:00,13.01,0.0,0.547,76.5,,
2015-12-31 13:00,13.18,0.0,0.48,76.3,,
2015-12-31 12:00,13.11,0.0,0.48,76.5,,
2015-12-31 11:00,13.18,0.0,0.48,76.36,,
2015-12-31 10:00,13.07,0.0,0.342,76.35,,
2015-12-31 09:00,13.17,0.0,0.602,76.46,,
2015-12-31 08:00,13.0,0.0,0.471,76.47,,
2015-12-31 07:00,14.01,0.0,0.614,76.43,,
2015-12-31 06:00,12.99,0.0,0.48,76.1,,
2015-12-31 05:00,13.23,0.0,0.345,76.1,,
2015-12-31 04:00,13.21,0.0,0.345,75.96,,
2015-12-31 03:00,13.03,0.0,0.345,76.03,,
2015-12-31 02:00,13.04,0.0,0.48,76.1,,
2015-12-31 01:00,13.05,0.0,0.48,75.96,,
2015-12-31 00:00,13.03,0.0,0.48,75.96,,
2015-12-30 23:00,13.7,0.0,0.48,75.96,,
2015-12-30 22:00,13.04,0.0,0.48,76.1,,
2015-12-30 21:00,13.29,0.0,0.48,76.23,,
2015-12-30 20:00,13.02,0.0,0.49,76.12,,
2015-12-30 19:00,13.01,0.0,0.22,76.12,,
2015-12-30 18:00,13.2,0.0,0.353,76.39,,
2015-12-30 17:00,13.02,0.0,0.219,76.79,,
2015-12-30 16:00,13.99,0.0,0.36,76.95,,
2015-12-30 15:00,13.19,0.0,0.361,76.81,,
2015-12-30 14:00,13.08,0.0,0.361,76.81,,
2015-12-30 13:00,13.07,0.0,0.224,76.67,,
2015-12-30 12:00,13.07,0.0,0.219,76.86,,
2015-12-30 11:00,13.04,0.0,0.486,77.06,,
2015-12-30 10:00,13.07,0.0,0.547,77.31,,
2015-12-30 09:00,13.01,0.0,0.48,77.31,,
2015-12-30 08:00,13.04,0.0,0.488,77.33,,
2015-12-30 07:00,13.1,0.0,0.49,77.47,,
2015-12-30 06:00,13.05,0.0,0.624,77.47,,
2015-12-30 05:00,13.06,0.0,0.483,77.59,,
2015-12-30 04:00,12.99,0.0,0.614,77.71,,
2015-12-30 03:00,13.05,0.0,0.614,77.84,,
2015-12-30 02:00,13.38,0.0,0.345,77.84,,
2015-12-30 01:00,13.04,0.0,0.219,77.87,,
2015-12-30 00:00,13.05,0.0,0.353,78.0,,
2015-12-29 23:00,13.06,0.0,0.286,78.0,,
2015-12-29 22:00,13.04,0.0,0.496,78.16,,
2015-12-29 21:00,13.09,0.0,0.361,78.43,,
2015-12-29 20:00,13.06,0.0,0.361,78.29,,
2015-12-29 19:00,13.53,0.0,0.497,78.57,,
2015-12-29 18:00,13.65,0.0,0.502,78.58,,
2015-12-29 17:00,13.15,0.0,0.509,78.33,,
2015-12-29 16:00,13.18,0.0,0.377,77.4,,
2015-12-29 15:00,13.1,0.0,0.377,77.67,,
2015-12-29 14:00,13.24,0.0,0.248,78.29,,
2015-12-29 13:00,13.68,0.0,0.25,78.29,,
2015-12-29 12:00,13.52,0.0,0.243,78.48,,
2015-12-29 11:00,13.16,0.0,0.243,78.61,,
2015-12-29 10:00,13.25,0.0,0.377,79.01,,
2015-12-29 09:00,13.03,0.0,0.439,79.27,,
2015-12-29 08:00,13.08,0.0,0.439,79.4,,
2015-12-29 07:00,13.07,0.0,0.376,79.41,,
2015-12-29 06:00,13.96,0.0,0.444,79.62,,
2015-12-29 05:00,13.06,0.0,0.442,79.68,,
2015-12-29 04:00,13.07,0.0,0.51,79.68,,
2015-12-29 03:00,13.03,0.0,0.508,79.94,,
2015-12-29 02:00,13.02,0.0,0.512,80.1,,
2015-12-29 01:00,13.01,0.0,0.512,79.95,,
2015-12-29 00:00,13.08,0.0,0.512,80.2,,
2015-12-28 23:00,13.01,0.0,0.512,80.3,,
2015-12-28 22:00,13.0,0.0,0.512,80.4,,
2015-12-28 21:00,13.27,0.0,0.512,80.4,,
2015-12-28 20:00,13.22,0.0,0.512,80.6,,
2015-12-28 19:00,13.22,0.0,0.513,80.5,,
2015-12-28 18:00,13.1,0.01,0.513,80.8,,
2015-12-28 17:00,13.0,0.0,0.519,80.9,,
2015-12-28 16:00,13.9,0.0,0.521,80.9,,
2015-12-28 15:00,13.27,0.0,0.528,80.8,,
2015-12-28 14:00,13.24,0.01,0.528,81.1,,
2015-12-28 13:00,13.46,0.0,0.393,80.9,,
2015-12-28 12:00,13.3,0.01,0.393,81.0,,
2015-12-28 11:00,13.96,0.01,0.393,81.2,,
2015-12-28 10:00,13.03,0.0,0.393,81.3,,
2015-12-28 09:00,13.29,0.0,0.527,81.5,,
2015-12-28 08:00,13.14,0.0,0.258,79.59,,
2015-12-28 07:00,13.0,0.01,0.255,79.85,,
2015-12-28 06:00,13.0,0.0,0.392,80.5,,
2015-12-28 05:00,13.02,0.01,0.389,81.3,,
2015-12-28 04:00,13.01,0.01,2.537,81.6,,
2015-12-28 03:00,13.0,0.06,2.939,82.3,,
2015-12-28 02:00,13.3,0.0,2.932,82.4,,
2015-12-28 01:00,13.0,0.0,3.051,82.3,,
2015-12-28 00:00,14.03,0.0,3.051,82.5,,
2015-12-27 23:00,13.09,0.0,2.917,82.3,,
2015-12-27 22:00,13.15,0.01,2.648,82.5,,
2015-12-27 21:00,13.04,0.02,2.648,82.6,,
2015-12-27 20:00,13.03,0.02,2.311,82.6,,
2015-12-27 19:00,13.13,0.02,2.11,82.5,,
2015-12-27 18:00,13.17,0.03,1.975,82.5,,
2015-12-27 17:00,13.16,0.01,1.303,82.3,,
2015-12-27 16:00,13.05,0.01,1.572,82.2,,
2015-12-27 15:00,13.12,0.02,1.44,82.3,,
2015-12-27 14:00,13.04,0.01,1.171,81.9,,
2015-12-27 13:00,13.09,0.02,0.772,81.8,,
2015-12-27 12:00,13.02,0.0,0.099,79.79,,
2015-12-27 11:00,13.04,0.01,0.361,81.1,,
2015-12-27 10:00,13.03,0.0,0.361,81.2,,
2015-12-27 09:00,13.02,0.0,0.361,81.5,,
2015-12-27 08:00,13.08,0.0,0.361,81.5,,
2015-12-27 07:00,13.12,0.0,0.361,81.8,,
2015-12-27 06:00,12.99,0.0,0.361,81.8,,
2015-12-27 05:00,13.17,0.0,0.493,82.2,,
2015-12-27 04:00,13.04,0.01,0.891,82.2,,
2015-12-27 03:00,13.18,0.01,0.891,82.3,,
2015-12-27 02:00,13.04,0.0,0.623,82.4,,
2015-12-27 01:00,13.24,0.0,0.488,82.4,,
2015-12-27 00:00,13.05,0.01,0.489,82.4,,
2015-12-26 23:00,13.14,0.0,0.352,82.4,,
2015-12-26 22:00,13.17,0.0,0.353,82.3,,
2015-12-26 21:00,13.15,0.0,0.353,82.6,,
2015-12-26 20:00,13.78,0.0,0.354,82.6,,
2015-12-26 19:00,13.93,0.0,0.428,82.7,,
2015-12-26 18:00,12.99,0.0,0.496,83.0,,
2015-12-26 17:00,13.04,0.0,0.497,83.0,,
2015-12-26 16:00,13.39,0.0,0.505,83.2,,
2015-12-26 15:00,13.56,0.0,0.377,83.2,,
2015-12-26 14:00,13.68,0.0,0.377,83.2,,
2015-12-26 13:00,13.38,0.0,0.377,83.6,,
2015-12-26 12:00,13.13,0.0,0.241,83.6,,
2015-12-26 11:00,13.66,0.0,0.376,83.7,,
2015-12-26 10:00,13.33,0.0,0.364,84.0,,
2015-12-26 09:00,13.03,0.0,0.494,84.1,,
2015-12-26 08:00,13.09,0.0,0.488,84.3,,
2015-12-26 07:00,13.68,0.0,0.487,84.6,,
2015-12-26 06:00,13.23,0.0,0.496,84.5,,
2015-12-26 05:00,13.09,0.0,1.716,84.9,,
2015-12-26 04:00,13.17,0.0,1.856,85.1,,
2015-12-26 03:00,13.67,0.0,1.856,85.1,,
2015-12-26 02:00,13.54,0.01,1.721,85.3,,
2015-12-26 01:00,13.05,0.0,1.719,85.5,,
2015-12-26 00:00,13.96,0.0,1.586,85.5,,
2015-12-25 23:00,13.42,0.0,1.587,85.7,,
2015-12-25 22:00,13.89,0.02,1.856,86.0,,
2015-12-25 21:00,13.23,0.01,1.856,85.9,,
2015-12-25 20:00,13.16,0.01,46.49,84.7,,
2015-12-25 19:00,13.12,0.01,46.49,84.8,,
2015-12-25 18:00,13.01,0.01,46.49,81.8,,
2015-12-25 17:00,13.02,0.02,0.377,85.7,,
2015-12-25 16:00,14.0,0.01,0.108,85.6,,
2015-12-25 15:00,13.07,0.01,0.377,84.7,,
2015-12-25 14:00,13.12,0.01,0.378,84.6,,
2015-12-25 13:00,13.19,0.03,0.254,84.4,,
2015-12-25 12:00,13.46,0.02,0.251,84.7,,
2015-12-25 11:00,14.13,0.02,-264.2,84.9,,
2015-12-25 10:00,13.51,0.01,46.49,85.3,,
2015-12-25 09:00,13.03,0.01,46.49,85.7,,
2015-12-25 08:00,13.0,0.01,46.49,85.8,,
2015-12-25 07:00,13.07,0.01,2.659,86.3,,
2015-12-25 06:00,13.08,0.0,2.797,86.3,,
2015-12-25 05:00,13.05,0.01,2.392,86.5,,
2015-12-25 04:00,13.05,0.01,2.527,85.9,,
2015-12-25 03:00,13.04,0.01,2.932,87.1,,
2015-12-25 02:00,13.06,0.01,2.932,86.4,,
2015-12-25 01:00,13.01,0.02,3.604,87.2,,
2015-12-25 00:00,13.07,0.01,3.47,87.2,,
2015-12-24 23:00,13.1,0.02,3.604,87.9,,
2015-12-24 22:00,13.27,0.01,3.605,88.4,,
2015-12-24 21:00,13.09,0.02,46.49,86.3,,
2015-12-24 20:00,13.51,0.01,3.14,88.4,,
2015-12-24 19:00,13.44,0.02,46.43,87.9,,
2015-12-24 18:00,13.48,0.02,46.49,88.3,,
2015-12-24 17:00,13.1,0.02,46.49,88.7,,
2015-12-24 16:00,13.27,0.02,2.006,88.1,,
2015-12-24 15:00,13.4,0.03,1.872,88.8,,
2015-12-24 14:00,13.66,0.03,2.275,89.0,,
2015-12-24 13:00,13.36,0.03,2.275,89.1,,
2015-12-24 12:00,13.22,0.03,0.662,88.7,,
2015-12-24 11:00,13.4,0.03,1.737,89.4,,
2015-12-24 10:00,13.32,0.04,2.006,89.0,,
2015-12-24 09:00,13.49,0.02,1.729,89.3,,
2015-12-24 08:00,13.09,0.03,1.729,90.1,,
2015-12-24 07:00,13.0,0.02,-0.287,89.3,,
2015-12-24 06:00,13.04,0.02,0.318,89.3,,
2015-12-24 05:00,13.07,0.02,0.789,89.7,,
2015-12-24 04:00,13.06,0.02,0.385,89.3,,
2015-12-24 03:00,12.99,0.02,11.81,90.1,,
2015-12-24 02:00,13.1,0.02,11.81,90.2,,
2015-12-24 01:00,13.11,0.02,11.68,90.4,,
2015-12-24 00:00,13.19,0.03,46.49,88.2,,
2015-12-23 23:00,13.01,0.03,46.49,86.6,,
2015-12-23 22:00,13.11,0.02,46.49,84.7,,
2015-12-23 21:00,13.23,0.04,8.19,86.6,,
2015-12-23 20:00,13.06,0.04,6.504,86.3,,
2015-12-23 19:00,13.14,0.04,7.107,86.4,,
2015-12-23 18:00,13.13,0.06,5.628,82.7,,
2015-12-23 17:00,13.17,0.06,4.15,84.1,,
2015-12-23 16:00,13.54,0.04,2.809,82.7,,
2015-12-23 15:00,13.37,0.03,2.544,82.7,,
2015-12-23 14:00,14.43,0.01,1.737,81.9,,
2015-12-23 13:00,13.12,0.02,1.737,82.3,,
2015-12-23 12:00,13.02,0.02,0.931,81.3,,
2015-12-23 11:00,13.58,0.02,0.259,81.3,,
2015-12-23 10:00,13.03,0.01,0.527,81.5,,
2015-12-23 09:00,13.02,0.01,0.385,80.9,,
2015-12-23 08:00,13.42,0.0,0.452,81.5,,
2015-12-23 07:00,13.65,0.0,0.385,81.6,,
2015-12-23 06:00,13.49,0.01,0.385,82.3,,
2015-12-23 05:00,13.0,0.03,0.385,82.4,,
2015-12-23 04:00,13.69,0.06,0.52,82.0,,
2015-12-23 03:00,13.05,0.06,7.375,81.2,,
2015-12-23 02:00,13.09,0.06,6.904,78.77,,
2015-12-23 01:00,13.06,0.07,4.007,77.8,,
2015-12-23 00:00,13.02,0.03,3.066,74.58,,
2015-12-22 23:00,13.15,0.01,46.49,73.64,,
2015-12-22 22:00,13.08,0.02,2.192,74.98,,
2015-12-22 21:00,13.15,0.03,0.781,75.05,,
2015-12-22 20:00,13.69,0.02,-0.295,74.04,,
2015-12-22 19:00,13.07,0.0,0.512,73.9,,
2015-12-22 18:00,13.86,0.0,0.512,74.04,,
2015-12-22 17:00,13.08,0.01,0.789,74.33,,
2015-12-22 16:00,13.09,0.01,0.393,74.22,,
2015-12-22 15:00,13.01,0.0,0.393,74.49,,
2015-12-22 14:00,13.03,0.01,0.393,74.62,,
2015-12-22 13:00,13.19,0.0,0.528,74.89,,
2015-12-22 12:00,13.03,0.0,0.519,75.0,,
2015-12-22 11:00,13.01,0.0,0.512,75.38,,
2015-12-22 10:00,13.01,0.0,0.646,75.79,,
2015-12-22 09:00,13.02,0.0,0.512,75.85,,
2015-12-22 08:00,13.07,0.01,0.517,75.94,,
2015-12-22 07:00,13.0,0.0,0.654,75.34,,
2015-12-22 06:00,13.07,0.04,0.656,76.42,,
2015-12-22 05:00,13.05,0.06,0.458,75.83,,
2015-12-22 04:00,13.07,0.02,8.86,75.62,,
2015-12-22 03:00,13.0,0.04,8.86,75.3,,
2015-12-22 02:00,13.0,0.05,8.32,74.62,,
2015-12-22 01:00,13.04,0.04,46.49,73.47,,
2015-12-22 00:00,13.11,0.01,6.703,72.85,,
2015-12-21 23:00,13.09,0.01,6.569,72.45,,
2015-12-21 22:00,13.01,0.02,6.569,71.78,,
2015-12-21 21:00,13.02,0.02,6.569,72.45,,
2015-12-21 20:00,13.13,0.04,6.569,72.31,,
2015-12-21 19:00,13.17,0.04,6.569,71.91,,
2015-12-21 18:00,13.27,0.03,6.836,70.56,,
2015-12-21 17:00,13.05,0.04,5.624,70.28,,
2015-12-21 16:00,13.2,0.04,5.354,69.88,,
2015-12-21 15:00,14.18,0.09,3.873,69.33,,
2015-12-21 14:00,13.42,0.04,46.49,68.79,,
2015-12-21 13:00,13.42,0.04,3.269,68.8,,
2015-12-21 12:00,13.48,0.03,2.397,67.73,,
2015-12-21 11:00,13.56,0.08,1.861,67.87,,
2015-12-21 10:00,13.37,0.06,1.053,67.19,,
2015-12-21 09:00,13.23,0.01,0.92,66.66,,
2015-12-21 08:00,13.02,0.01,0.72,66.66,,
2015-12-21 07:00,13.08,0.0,0.786,66.66,,
2015-12-21 06:00,13.08,0.01,0.52,66.67,,
2015-12-21 05:00,13.7,0.01,0.52,66.67,,
2015-12-21 04:00,13.07,0.03,6.569,66.8,,
2015-12-21 03:00,13.01,0.03,6.167,66.67,,
2015-12-21 02:00,13.19,0.04,5.897,66.6,,
2015-12-21 01:00,13.0,0.03,5.494,66.0,,
2015-12-21 00:00,13.07,0.01,4.956,65.46,,
2015-12-20 23:00,13.02,0.0,4.822,65.59,,
2015-12-20 22:00,13.03,0.01,5.097,65.89,,
2015-12-20 21:00,13.01,0.02,4.559,65.48,,
2015-12-20 20:00,13.0,0.03,4.694,65.75,,
2015-12-20 19:00,13.15,0.03,4.829,64.68,,
2015-12-20 18:00,13.0,0.04,4.425,65.62,,
2015-12-20 17:00,13.01,0.01,4.694,65.48,,
2015-12-20 16:00,13.2,0.02,4.694,65.62,,
2015-12-20 15:00,13.46,0.02,4.425,65.22,,
2015-12-20 14:00,13.07,0.01,4.43,64.16,,
2015-12-20 13:00,13.24,0.06,4.695,65.22,,
2015-12-20 12:00,13.0,0.01,4.022,64.27,,
2015-12-20 11:00,13.03,0.01,4.544,64.49,,
2015-12-20 10:00,12.99,0.03,4.064,63.79,,
2015-12-20 09:00,13.04,0.04,4.127,64.44,,
2015-12-20 08:00,13.18,0.05,46.49,61.89,,
2015-12-20 07:00,13.04,0.03,46.49,58.66,,
2015-12-20 06:00,13.11,0.01,0.769,61.23,,
2015-12-20 05:00,13.02,0.0,0.512,61.27,,
2015-12-20 04:00,13.0,0.0,1.318,59.05,,
2015-12-20 03:00,13.0,0.0,1.049,60.19,,
2015-12-20 02:00,13.03,0.0,1.326,60.62,,
2015-12-20 01:00,13.06,0.0,1.326,60.75,,
2015-12-20 00:00,13.37,0.0,1.328,60.49,,
2015-12-19 23:00,13.03,0.0,0.924,60.69,,
2015-12-19 22:00,13.1,0.0,0.662,60.91,,
2015-12-19 21:00,13.64,0.0,0.931,61.32,,
2015-12-19 20:00,13.12,0.0,1.2,61.72,,
2015-12-19 19:00,13.16,0.0,1.2,61.72,,
2015-12-19 18:00,13.04,0.0,1.2,61.65,,
2015-12-19 17:00,13.2,0.0,1.2,61.72,,
2015-12-19 16:00,13.14,0.0,0.931,61.86,,
2015-12-19 15:00,13.39,0.0,0.939,61.75,,
2015-12-19 14:00,13.98,0.0,0.88,61.77,,
2015-12-19 13:00,13.78,0.0,0.678,61.64,,
2015-12-19 12:00,14.7,0.02,0.678,61.91,,
2015-12-19 11:00,13.52,0.01,0.796,61.99,,
2015-12-19 10:00,13.1,0.0,0.931,62.26,,
2015-12-19 09:00,13.1,0.04,-0.279,62.53,,
2015-12-19 08:00,13.01,0.04,0.654,62.23,,
2015-12-19 07:00,13.74,0.02,0.654,61.83,,
2015-12-19 06:00,13.83,0.01,0.385,61.7,,
2015-12-19 05:00,13.0,0.0,0.385,61.83,,
2015-12-19 04:00,12.99,0.0,5.897,61.7,,
2015-12-19 03:00,13.02,0.0,5.89,60.8,,
2015-12-19 02:00,13.07,0.0,5.621,61.0,,
2015-12-19 01:00,13.01,0.0,5.621,61.4,,
2015-12-19 00:00,13.22,0.0,5.762,61.56,,
2015-12-18 23:00,13.94,0.0,5.762,61.7,,
2015-12-18 22:00,13.08,0.0,5.762,61.83,,
2015-12-18 21:00,13.06,0.0,5.769,62.26,,
2015-12-18 20:00,13.01,0.0,5.769,62.26,,
2015-12-18 19:00,13.52,0.01,46.43,62.66,,
2015-12-18 18:00,13.22,0.02,5.769,63.07,,
2015-12-18 17:00,13.0,0.0,6.038,63.2,,
2015-12-18 16:00,14.01,0.02,6.18,63.36,,
2015-12-18 15:00,13.07,0.01,30.77,62.04,,
2015-12-18 14:00,13.31,0.04,4.843,61.91,,
2015-12-18 13:00,13.31,0.05,4.843,62.31,,
2015-12-18 12:00,13.01,0.05,3.903,61.77,,
2015-12-18 11:00,13.04,0.07,3.432,61.77,,
2015-12-18 10:00,13.0,0.13,2.693,60.83,,
2015-12-18 09:00,13.6,0.04,2.689,60.42,,
2015-12-18 08:00,13.0,0.05,1.999,213.6,,
2015-12-18 07:00,13.01,0.02,1.183,58.84,,
2015-12-18 06:00,13.01,0.01,1.174,59.35,,
2015-12-18 05:00,13.36,0.04,1.034,59.33,,
2015-12-18 04:00,13.0,0.09,0.362,58.26,,
2015-12-18 03:00,12.99,0.05,11.52,57.25,,
2015-12-18 02:00,13.01,0.03,11.52,58.12,,
2015-12-18 01:00,13.01,0.03,10.99,57.58,,
2015-12-18 00:00,13.02,0.05,10.72,57.58,,
2015-12-17 23:00,13.0,0.06,10.58,57.18,,
2015-12-17 22:00,13.03,0.08,9.98,56.64,,
2015-12-17 21:00,13.02,0.06,9.78,56.37,,
2015-12-17 20:00,13.03,0.12,9.37,55.97,,
2015-12-17 19:00,13.0,0.09,8.57,55.23,,
2015-12-17 18:00,13.48,0.1,8.03,54.76,,
2015-12-17 17:00,13.6,0.1,7.355,54.22,,
2015-12-17 16:00,13.05,0.07,6.818,53.68,,
2015-12-17 15:00,14.08,0.08,6.417,53.29,,
2015-12-17 14:00,13.84,0.08,6.151,53.3,,
2015-12-17 13:00,12.99,0.1,4.537,50.75,,
2015-12-17 12:00,13.0,0.08,46.49,50.21,,
2015-12-17 11:00,13.71,0.06,3.059,50.75,,
2015-12-17 10:00,13.34,0.06,2.519,49.94,,
2015-12-17 09:00,13.66,0.03,2.253,49.55,,
2015-12-17 08:00,13.05,0.04,1.852,49.28,,
2015-12-17 07:00,13.12,0.03,-0.304,48.93,,
2015-12-17 06:00,13.0,0.02,-0.034,48.6,,
2015-12-17 05:00,13.03,0.0,0.368,48.19,,
2015-12-17 04:00,13.0,0.0,0.371,48.34,,
2015-12-17 03:00,13.0,0.0,0.511,48.36,,
2015-12-17 02:00,13.0,0.0,0.443,48.49,,
2015-12-17 01:00,13.51,0.0,0.376,48.49,,
2015-12-17 00:00,13.8,0.0,0.374,48.62,,
2015-12-16 23:00,13.13,0.0,0.506,48.74,,
2015-12-16 22:00,13.1,0.0,0.504,48.73,,
2015-12-16 21:00,13.09,0.0,0.496,48.91,,
2015-12-16 20:00,13.05,0.0,0.361,48.57,,
2015-12-16 19:00,13.17,0.0,0.492,49.5,,
2015-12-16 18:00,13.05,0.0,0.554,49.48,,
2015-12-16 17:00,13.01,0.0,0.355,49.22,,
2015-12-16 16:00,12.99,0.0,0.496,49.11,,
2015-12-16 15:00,13.01,0.0,0.496,49.38,,
2015-12-16 14:00,13.0,0.0,0.496,49.38,,
2015-12-16 13:00,13.01,0.0,0.361,49.51,,
2015-12-16 12:00,13.0,0.0,0.365,49.26,,
2015-12-16 11:00,13.46,0.0,0.236,49.28,,
2015-12-16 10:00,13.06,0.0,0.375,49.56,,
2015-12-16 09:00,13.1,0.0,0.377,49.9,,
2015-12-16 08:00,13.15,0.0,0.512,50.11,,
2015-12-16 07:00,13.13,0.0,0.516,50.39,,
2015-12-16 06:00,13.08,0.0,0.521,50.01,,
2015-12-16 05:00,13.07,0.01,0.393,50.1,,
2015-12-16 04:00,13.09,0.02,46.49,213.6,,
2015-12-16 03:00,13.27,0.03,5.501,49.22,,
2015-12-16 02:00,13.09,0.04,46.49,47.7,,
2015-12-16 01:00,13.17,0.07,4.439,48.73,,
2015-12-16 00:00,13.09,0.07,3.9,48.19,,
2015-12-15 23:00,13.07,0.03,2.689,46.84,,
2015-12-15 22:00,13.03,0.04,2.152,45.23,,
2015-12-15 21:00,13.17,0.05,0.938,44.75,,
2015-12-15 20:00,13.04,0.02,0.53,45.2,,
2015-12-15 19:00,13.41,0.01,0.662,45.19,,
2015-12-15 18:00,13.44,0.02,0.326,44.92,,
2015-12-15 17:00,13.41,0.01,0.259,44.52,,
2015-12-15 16:00,13.1,0.0,0.393,44.79,,
2015-12-15 15:00,13.0,0.0,0.393,44.79,,
2015-12-15 14:00,13.0,0.0,0.393,44.79,,
2015-12-15 13:00,13.3,0.0,0.393,44.65,,
2015-12-15 12:00,13.27,0.0,0.259,44.79,,
2015-12-15 11:00,13.47,0.0,0.319,44.76,,
2015-12-15 10:00,13.32,0.0,0.318,44.76,,
2015-12-15 09:00,13.33,0.0,0.385,45.02,,
2015-12-15 08:00,13.12,0.0,0.513,45.0,,
2015-12-15 07:00,13.13,0.0,0.512,45.07,,
2015-12-15 06:00,13.13,0.0,0.317,45.16,,
2015-12-15 05:00,13.12,0.0,0.52,45.16,,
2015-12-15 04:00,13.08,0.0,0.721,45.36,,
2015-12-15 03:00,13.13,0.0,0.654,45.3,,
2015-12-15 02:00,13.08,0.0,0.52,45.43,,
2015-12-15 01:00,13.07,0.0,0.452,45.3,,
2015-12-15 00:00,13.75,0.0,0.52,45.56,,
2015-12-14 23:00,13.05,0.0,0.52,45.56,,
2015-12-14 22:00,13.13,0.0,0.386,45.7,,
2015-12-14 21:00,13.18,0.0,0.52,45.7,,
2015-12-14 20:00,13.2,0.0,0.254,45.71,,
2015-12-14 19:00,13.4,0.0,0.391,45.65,,
2015-12-14 18:00,13.25,0.0,0.326,45.86,,
2015-12-14 17:00,13.25,0.0,0.528,46.0,,
2015-12-14 16:00,13.04,0.0,0.258,45.99,,
2015-12-14 15:00,13.47,0.01,1.334,46.0,,
2015-12-14 14:00,14.06,0.03,1.074,45.76,,
2015-12-14 13:00,13.21,0.07,0.936,45.61,,
2015-12-14 12:00,13.43,0.0,0.801,45.47,,
2015-12-14 11:00,13.06,0.0,0.931,45.46,,
2015-12-14 10:00,13.05,0.0,0.259,45.32,,
2015-12-14 09:00,13.32,0.0,0.796,46.0,,
2015-12-14 08:00,13.1,0.0,0.931,46.0,,
2015-12-14 07:00,13.09,0.0,0.393,45.32,,
2015-12-14 06:00,13.09,0.0,0.259,45.59,,
2015-12-14 05:00,13.12,0.0,0.528,44.79,,
2015-12-14 04:00,13.12,0.0,3.014,45.73,,
2015-12-14 03:00,13.14,0.0,46.43,46.0,,
2015-12-14 02:00,13.19,0.0,46.49,43.85,,
2015-12-14 01:00,13.51,0.0,2.544,45.06,,
2015-12-14 00:00,13.22,0.0,2.477,45.19,,
2015-12-13 23:00,13.04,0.0,0.931,45.46,,
2015-12-13 22:00,13.03,0.0,2.411,45.46,,
2015-12-13 21:00,13.56,0.0,2.547,45.6,,
2015-12-13 20:00,13.02,0.0,2.279,45.34,,
2015-12-13 19:00,13.36,0.0,2.481,45.34,,
2015-12-13 18:00,13.24,0.0,2.552,45.49,,
2015-12-13 17:00,13.12,0.0,2.42,45.1,,
2015-12-13 16:00,13.08,0.0,2.425,45.52,,
2015-12-13 15:00,13.09,0.0,2.693,45.38,,
2015-12-13 14:00,13.19,0.0,2.425,45.38,,
2015-12-13 13:00,13.65,0.0,1.484,44.98,,
2015-12-13 12:00,13.63,0.0,1.753,44.84,,
2015-12-13 11:00,13.51,0.0,1.484,44.04,,
2015-12-13 10:00,13.39,0.0,1.615,44.7,,
2015-12-13 09:00,13.15,0.0,1.604,44.93,,
2015-12-13 08:00,13.05,0.0,1.469,44.39,,
2015-12-13 07:00,13.69,0.0,1.336,43.99,,
2015-12-13 06:00,13.03,0.0,0.262,44.13,,
2015-12-13 05:00,13.77,0.0,0.533,43.73,,
2015-12-13 04:00,13.25,0.0,5.91,43.33,,
2015-12-13 03:00,13.72,0.0,6.18,43.67,,
2015-12-13 02:00,13.01,0.0,6.187,43.5,,
2015-12-13 01:00,13.05,0.0,6.321,43.77,,
2015-12-13 00:00,13.15,0.0,6.59,44.17,,
2015-12-12 23:00,13.05,0.0,6.723,44.57,,
2015-12-12 22:00,13.0,0.0,5.649,44.98,,
2015-12-12 21:00,13.03,0.0,6.991,42.82,,
2015-12-12 20:00,13.0,0.0,6.846,43.85,,
2015-12-12 19:00,13.0,0.0,6.307,44.11,,
2015-12-12 18:00,13.01,0.0,4.963,41.7,,
2015-12-12 17:00,13.03,0.0,5.097,42.3,,
2015-12-12 16:00,13.77,0.0,3.35,41.96,,
2015-12-12 15:00,13.84,0.0,1.874,41.17,,
2015-12-12 14:00,13.68,0.0,46.49,39.43,,
2015-12-12 13:00,13.71,0.0,1.342,37.83,,
2015-12-12 12:00,13.87,0.0,0.537,39.44,,
2015-12-12 11:00,13.71,0.0,0.672,38.84,,
2015-12-12 10:00,13.29,0.0,0.266,38.76,,
2015-12-12 09:00,13.42,0.0,0.529,39.15,,
2015-12-12 08:00,13.11,0.0,0.528,39.01,,
2015-12-12 07:00,13.23,0.0,0.528,39.14,,
2015-12-12 06:00,13.2,0.0,0.528,39.28,,
2015-12-12 05:00,13.13,0.0,0.464,39.29,,
2015-12-12 04:00,13.09,0.0,1.0,39.01,,
2015-12-12 03:00,13.12,0.0,1.065,39.01,,
2015-12-12 02:00,13.1,0.0,0.931,38.87,,
2015-12-12 01:00,13.03,0.0,0.528,36.72,,
2015-12-12 00:00,13.12,0.0,0.662,34.17,,
2015-12-11 23:00,13.25,0.0,0.662,36.72,,
2015-12-11 22:00,13.06,0.0,0.663,38.47,,
2015-12-11 21:00,13.07,0.0,0.666,31.77,,
2015-12-11 20:00,13.06,0.0,0.665,38.88,,
2015-12-11 19:00,13.32,0.0,0.461,39.01,,
2015-12-11 18:00,13.41,0.0,0.528,39.14,,
2015-12-11 17:00,13.27,0.0,0.393,39.28,,
2015-12-11 16:00,13.18,0.0,0.26,38.61,,
2015-12-11 15:00,13.0,0.0,0.133,38.63,,
2015-12-11 14:00,13.1,0.0,0.273,37.72,,
2015-12-11 13:00,13.48,0.0,0.14,38.53,,
2015-12-11 12:00,13.53,0.0,0.275,38.93,,
2015-12-11 11:00,13.39,0.0,0.139,39.06,,
2015-12-11 10:00,13.01,0.0,0.274,39.47,,
2015-12-11 09:00,13.39,0.0,0.337,39.65,,
2015-12-11 08:00,13.29,0.01,0.393,39.28,,
2015-12-11 07:00,13.07,0.0,0.259,34.3,,
2015-12-11 06:00,13.13,0.0,0.331,35.66,,
2015-12-11 05:00,13.08,0.0,0.27,38.11,,
2015-12-11 04:00,13.1,0.0,5.647,39.06,,
2015-12-11 03:00,13.1,0.0,5.645,39.32,,
2015-12-11 02:00,13.08,0.0,5.646,39.26,,
2015-12-11 01:00,13.09,0.0,5.779,39.32,,
2015-12-11 00:00,13.1,0.0,5.773,39.02,,
2015-12-10 23:00,13.19,0.0,5.783,39.6,,
2015-12-10 22:00,13.06,0.0,5.783,39.2,,
2015-12-10 21:00,13.45,0.0,5.783,39.13,,
2015-12-10 20:00,13.35,0.0,5.447,38.53,,
2015-12-10 19:00,13.35,0.0,5.784,39.07,,
2015-12-10 18:00,13.33,0.0,5.445,38.79,,
2015-12-10 17:00,13.09,0.0,5.649,38.8,,
2015-12-10 16:00,13.13,0.0,5.513,37.31,,
2015-12-10 15:00,13.37,0.0,5.515,41.22,,
2015-12-10 14:00,13.11,0.0,5.716,39.74,,
2015-12-10 13:00,13.51,0.0,3.231,34.3,,
2015-12-10 12:00,13.48,0.0,46.36,35.98,,
2015-12-10 11:00,13.4,0.0,46.49,35.02,,
2015-12-10 10:00,13.37,0.0,0.947,34.63,,
2015-12-10 09:00,13.28,0.0,1.209,34.74,,
2015-12-10 08:00,13.29,0.0,1.479,34.75,,
2015-12-10 07:00,13.22,0.0,1.011,35.16,,
2015-12-10 06:00,13.34,0.0,46.49,33.75,,
2015-12-10 05:00,13.27,0.0,-0.131,33.95,,
2015-12-10 04:00,13.11,0.0,0.544,33.69,,
2015-12-10 03:00,13.07,0.0,0.409,32.95,,
2015-12-10 02:00,13.08,0.0,0.476,33.15,,
2015-12-10 01:00,13.04,0.0,0.476,33.29,,
2015-12-10 00:00,13.12,0.0,0.537,33.4,,
2015-12-09 23:00,13.18,0.0,0.402,33.26,,
2015-12-09 22:00,13.18,0.0,0.474,33.42,,
2015-12-09 21:00,13.2,0.0,0.543,33.76,,
2015-12-09 20:00,13.09,0.0,0.611,33.69,,
2015-12-09 19:00,13.34,0.0,0.544,33.69,,
2015-12-09 18:00,13.3,0.0,0.409,33.63,,
2015-12-09 17:00,13.2,0.0,0.409,33.29,,
2015-12-09 16:00,13.08,0.0,0.409,33.69,,
2015-12-09 15:00,13.17,0.0,0.275,33.69,,
2015-12-09 14:00,13.31,0.0,0.409,33.83,,
2015-12-09 13:00,13.45,0.0,0.415,33.18,,
2015-12-09 12:00,13.48,0.0,0.35,33.32,,
2015-12-09 11:00,13.51,0.0,0.417,33.19,,
2015-12-09 10:00,13.1,0.0,0.413,32.63,,
2015-12-09 09:00,13.16,0.0,0.413,33.04,,
2015-12-09 08:00,13.09,0.02,0.415,33.58,,
2015-12-09 07:00,13.01,0.0,2.768,31.04,,
2015-12-09 06:00,13.01,0.0,2.164,31.17,,
2015-12-09 05:00,13.04,0.01,2.432,31.91,,
2015-12-09 04:00,13.28,0.01,2.299,31.71,,
2015-12-09 03:00,13.04,0.01,2.298,31.58,,
2015-12-09 02:00,13.08,0.01,2.096,32.11,,
2015-12-09 01:00,13.01,0.0,2.298,32.38,,
2015-12-09 00:00,13.25,0.0,1.626,31.71,,
2015-12-08 23:00,13.31,0.0,1.626,30.23,,
2015-12-08 22:00,13.32,0.0,1.223,31.04,,
2015-12-08 21:00,13.57,0.01,0.955,29.16,,
2015-12-08 20:00,13.42,0.0,-0.254,30.1,,
2015-12-08 19:00,13.02,0.01,0.284,30.1,,
2015-12-08 18:00,13.34,0.0,0.292,29.86,,
2015-12-08 17:00,13.04,0.0,0.299,30.29,,
2015-12-08 16:00,13.23,0.01,0.307,29.65,,
2015-12-08 15:00,13.34,0.01,0.307,30.86,,
2015-12-08 14:00,13.43,0.38,0.313,31.29,,
2015-12-08 13:00,13.03,0.3,0.18,31.29,,
2015-12-08 12:00,13.09,0.28,0.315,32.37,,
2015-12-08 11:00,13.4,0.18,0.314,32.9,,
2015-12-08 10:00,13.0,0.21,0.313,34.37,,
2015-12-08 09:00,13.46,0.26,0.315,34.11,,
2015-12-08 08:00,13.56,0.24,0.307,35.96,,
2015-12-08 07:00,13.52,0.19,0.307,36.1,,
2015-12-08 06:00,13.17,0.18,0.299,36.07,,
2015-12-08 05:00,13.04,0.07,0.418,38.7,,
2015-12-08 04:00,13.41,0.07,2.836,38.16,,
2015-12-08 03:00,13.33,0.1,2.843,39.13,,
2015-12-08 02:00,13.44,0.19,3.246,39.86,,
2015-12-08 01:00,13.43,0.31,3.649,40.74,,
2015-12-08 00:00,13.39,0.26,4.185,41.0,,
2015-12-07 23:00,13.37,0.54,4.582,42.46,,
2015-12-07 22:00,13.21,0.08,4.985,43.13,,
2015-12-07 21:00,13.03,0.05,6.059,44.74,,
2015-12-07 20:00,13.0,0.03,6.597,45.01,,
2015-12-07 19:00,13.27,0.04,7.0,45.54,,
2015-12-07 18:00,13.17,0.13,7.0,45.81,,
2015-12-07 17:00,13.2,0.08,7.0,45.68,,
2015-12-07 16:00,13.2,0.21,6.328,43.73,,
2015-12-07 15:00,13.49,0.22,4.044,41.51,,
2015-12-07 14:00,13.17,0.09,2.701,40.17,,
2015-12-07 13:00,13.45,0.06,46.36,39.37,,
2015-12-07 12:00,13.4,0.07,0.014,39.23,,
2015-12-07 11:00,13.38,0.09,0.149,39.9,,
2015-12-07 10:00,13.37,0.03,0.417,40.31,,
2015-12-07 09:00,13.55,0.02,0.417,40.04,,
2015-12-07 08:00,13.43,0.01,0.551,40.44,,
2015-12-07 07:00,13.1,0.01,0.417,39.63,,
2015-12-07 06:00,13.12,0.0,0.417,40.17,,
2015-12-07 05:00,13.5,0.0,0.484,39.23,,
2015-12-07 04:00,13.09,0.0,5.925,40.44,,
2015-12-07 03:00,13.1,0.02,5.925,40.71,,
2015-12-07 02:00,13.1,0.08,4.848,38.28,,
2015-12-07 01:00,13.12,0.06,46.49,38.6,,
2015-12-07 00:00,13.05,0.05,46.36,38.66,,
2015-12-06 23:00,13.27,0.07,4.171,38.8,,
2015-12-06 22:00,13.34,0.04,3.499,38.39,,
2015-12-06 21:00,13.46,0.05,46.49,36.92,,
2015-12-06 20:00,13.55,0.01,2.29,37.32,,
2015-12-06 19:00,13.24,0.01,1.89,36.26,,
2015-12-06 18:00,13.0,0.01,46.36,36.75,,
2015-12-06 17:00,13.02,0.0,2.029,36.95,,
2015-12-06 16:00,13.16,0.0,1.626,37.62,,
2015-12-06 15:00,13.07,0.01,2.432,37.48,,
2015-12-06 14:00,13.22,0.01,2.432,38.16,,
2015-12-06 13:00,13.35,0.02,2.432,38.56,,
2015-12-06 12:00,13.58,0.05,46.49,37.62,,
2015-12-06 11:00,13.92,0.06,1.626,37.22,,
2015-12-06 10:00,13.3,0.05,1.686,37.19,,
2015-12-06 09:00,13.04,0.12,0.946,36.91,,
2015-12-06 08:00,13.02,0.04,0.335,35.14,,
2015-12-06 07:00,13.06,0.01,0.67,37.42,,
2015-12-06 06:00,13.11,0.01,0.267,35.68,,
2015-12-06 05:00,13.1,0.01,0.267,34.47,,
2015-12-06 04:00,13.12,0.02,0.401,35.68,,
2015-12-06 03:00,13.11,0.01,10.48,37.0,,
2015-12-06 02:00,13.11,0.0,10.48,36.68,,
2015-12-06 01:00,13.09,0.02,10.61,37.01,,
2015-12-06 00:00,14.0,0.03,10.07,36.74,,
2015-12-05 23:00,13.94,0.03,10.21,35.65,,
2015-12-05 22:00,13.12,0.08,9.4,35.92,,
2015-12-05 21:00,13.27,0.11,8.05,34.1,,
2015-12-05 20:00,13.0,0.09,8.19,34.84,,
2015-12-05 19:00,13.15,0.08,7.113,33.43,,
2015-12-05 18:00,13.54,0.11,5.232,31.88,,
2015-12-05 17:00,13.02,0.09,5.097,31.21,,
2015-12-05 16:00,13.14,0.08,3.889,28.33,,
2015-12-05 15:00,13.11,0.07,4.157,31.21,,
2015-12-05 14:00,13.14,0.14,3.485,29.33,,
2015-12-05 13:00,13.0,0.11,2.678,29.06,,
2015-12-05 12:00,13.15,0.06,1.737,25.84,,
2015-12-05 11:00,13.26,0.01,0.528,25.84,,
2015-12-05 10:00,13.02,0.04,0.662,27.52,,
2015-12-05 09:00,13.01,0.01,-0.01,25.57,,
2015-12-05 08:00,13.4,0.0,0.124,25.7,,
2015-12-05 07:00,13.01,0.0,0.192,27.31,,
2015-12-05 06:00,13.05,0.0,0.259,26.1,,
2015-12-05 05:00,13.29,0.0,0.192,25.84,,
2015-12-05 04:00,13.2,0.0,2.544,26.91,,
2015-12-05 03:00,13.16,0.0,2.544,27.58,,
2015-12-05 02:00,13.03,0.0,2.477,25.97,,
2015-12-05 01:00,13.0,0.0,2.678,27.72,,
2015-12-05 00:00,13.0,0.0,2.678,27.05,,
2015-12-04 23:00,13.02,0.0,2.692,27.77,,
2015-12-04 22:00,13.03,0.0,2.558,27.78,,
2015-12-04 21:00,13.21,0.01,2.692,27.84,,
2015-12-04 20:00,13.31,0.01,2.555,27.5,,
2015-12-04 19:00,13.3,0.01,2.491,26.7,,
2015-12-04 18:00,13.33,0.0,2.29,25.9,,
2015-12-04 17:00,13.31,0.01,1.954,25.5,,
2015-12-04 16:00,13.25,0.01,1.887,27.11,,
2015-12-04 15:00,13.08,0.02,1.081,27.65,,
2015-12-04 14:00,13.14,0.05,1.759,27.94,,
2015-12-04 13:00,13.1,0.01,1.761,27.27,,
2015-12-04 12:00,13.11,0.01,1.626,27.28,,
2015-12-04 11:00,13.38,0.01,0.952,26.86,,
2015-12-04 10:00,14.02,0.01,1.083,26.44,,
2015-12-04 09:00,13.89,0.01,1.081,26.44,,
2015-12-04 08:00,13.99,0.03,0.947,25.5,,
2015-12-04 07:00,13.03,0.05,0.409,23.88,,
2015-12-04 06:00,13.4,0.0,0.141,24.02,,
2015-12-04 05:00,13.15,0.01,0.275,21.87,,
2015-12-04 04:00,13.19,0.0,1.756,25.71,,
2015-12-04 03:00,13.05,0.02,2.566,25.66,,
2015-12-04 02:00,13.11,0.02,2.295,23.77,,
2015-12-04 01:00,13.17,0.01,2.701,23.25,,
2015-12-04 00:00,13.11,0.02,2.499,25.66,,
2015-12-03 23:00,13.24,0.04,2.561,24.03,,
2015-12-03 22:00,13.19,0.05,2.425,22.47,,
2015-12-03 21:00,13.14,0.04,2.425,24.56,,
2015-12-03 20:00,13.62,0.02,1.617,20.79,,
2015-12-03 19:00,13.09,0.0,1.013,23.48,,
2015-12-03 18:00,13.23,0.0,-0.136,20.22,,
2015-12-03 17:00,13.11,0.0,0.267,23.11,,
2015-12-03 16:00,13.93,0.01,-0.137,21.63,,
2015-12-03 15:00,13.25,0.01,-0.009,21.67,,
2015-12-03 14:00,13.09,0.01,-0.01,21.33,,
2015-12-03 13:00,13.07,0.03,0.662,22.74,,
2015-12-03 12:00,13.03,0.03,0.662,22.88,,
2015-12-03 11:00,13.02,0.01,0.46,22.34,,
2015-12-03 10:00,13.19,0.02,0.259,22.34,,
2015-12-03 09:00,13.83,0.02,0.259,23.55,,
2015-12-03 08:00,13.03,0.01,3.411,23.12,,
2015-12-03 07:00,13.03,0.03,4.42,23.46,,
2015-12-03 06:00,13.03,0.08,3.881,22.58,,
2015-12-03 05:00,13.0,0.11,46.43,19.69,,
2015-12-03 04:00,13.03,0.15,46.49,16.86,,
2015-12-03 03:00,13.02,0.1,1.729,20.7,,
2015-12-03 02:00,13.01,0.07,1.057,20.02,,
2015-12-03 01:00,13.25,0.06,0.52,19.49,,
2015-12-03 00:00,13.03,0.01,0.243,17.5,,
2015-12-02 23:00,13.71,0.0,0.377,18.38,,
2015-12-02 22:00,13.3,0.0,0.243,18.78,,
2015-12-02 21:00,13.0,0.0,0.31,18.78,,
2015-12-02 20:00,13.03,0.0,0.243,18.91,,
2015-12-02 19:00,13.02,0.0,0.377,19.32,,
2015-12-02 18:00,13.01,0.0,0.377,18.91,,
2015-12-02 17:00,13.01,0.0,0.374,19.04,,
2015-12-02 16:00,13.0,0.0,0.377,19.05,,
2015-12-02 15:00,13.07,0.0,0.243,19.32,,
2015-12-02 14:00,13.01,0.0,0.245,18.92,,
2015-12-02 13:00,13.11,0.0,0.113,18.6,,
2015-12-02 12:00,13.05,0.0,0.248,18.8,,
2015-12-02 11:00,13.02,0.0,0.25,18.94,,
2015-12-02 10:00,13.89,0.0,0.243,18.91,,
2015-12-02 09:00,13.94,0.0,0.377,19.18,,
2015-12-02 08:00,13.09,0.0,1.729,19.08,,
2015-12-02 07:00,13.0,0.0,1.729,19.15,,
2015-12-02 06:00,13.01,0.0,1.856,19.38,,
2015-12-02 05:00,13.01,0.0,1.722,19.32,,
2015-12-02 04:00,13.1,0.01,1.586,19.31,,
2015-12-02 03:00,13.03,0.0,1.58,18.75,,
2015-12-02 02:00,13.02,0.05,1.572,18.85,,
2015-12-02 01:00,13.01,0.09,1.168,18.85,,
2015-12-02 00:00,13.02,0.03,0.496,17.77,,
2015-12-01 23:00,13.41,0.04,0.092,17.77,,
2015-12-01 22:00,13.08,0.03,0.092,17.23,,
2015-12-01 21:00,13.78,0.0,0.361,17.3,,
2015-12-01 20:00,13.05,0.0,0.092,17.1,,
2015-12-01 19:00,13.02,0.0,0.092,17.23,,
2015-12-01 18:00,13.02,0.0,0.092,17.5,,
2015-12-01 17:00,13.08,0.0,0.361,17.23,,
2015-12-01 16:00,13.07,0.0,0.092,17.1,,
2015-12-01 15:00,13.06,0.0,0.228,17.24,,
2015-12-01 14:00,13.03,0.0,0.227,17.17,,
2015-12-01 13:00,13.06,0.0,0.227,17.17,,
2015-12-01 12:00,13.02,0.0,0.088,17.22,,
2015-12-01 11:00,13.02,0.0,0.092,17.3,,
2015-12-01 10:00,13.0,0.0,0.237,17.01,,
2015-12-01 09:00,13.01,0.0,0.111,16.64,,
2015-12-01 08:00,13.09,0.0,0.108,17.03,,
2015-12-01 07:00,13.52,0.0,0.379,17.17,,
2015-12-01 06:00,13.27,0.0,0.326,17.1,,
2015-12-01 05:00,13.33,0.01,0.275,17.03,,
2015-12-01 04:00,13.27,0.01,0.279,17.12,,
2015-12-01 03:00,13.13,0.0,0.149,16.93,,
2015-12-01 02:00,13.23,0.0,0.282,17.2,,
2015-12-01 01:00,13.23,0.0,0.144,17.31,,
2015-12-01 00:00,13.27,0.0,0.142,17.31,,
2015-11-30 23:00,13.34,0.0,0.28,17.39,,
2015-11-30 22:00,13.22,0.0,0.282,17.6,,
2015-11-30 21:00,13.06,0.0,0.283,17.33,,
2015-11-30 20:00,13.02,0.0,0.15,17.34,,
2015-11-30 19:00,13.7,0.0,0.216,17.07,,
2015-11-30 18:00,13.29,0.0,0.151,17.08,,
2015-11-30 17:00,13.41,0.0,0.149,17.07,,
2015-11-30 16:00,13.3,0.0,-0.059,17.17,,
2015-11-30 15:00,13.67,0.0,-0.059,16.9,,
2015-11-30 14:00,13.39,0.0,-0.193,0.0,,
2015-11-30 13:00,13.09,0.0,-0.027,0.0,,
2015-11-30 12:00,13.22,0.0,0.902,0.0,,
2015-11-30 11:00,13.02,0.0,0.973,0.0,,
2015-11-30 10:00,13.02,0.0,0.918,0.0,,
2015-11-30 09:00,13.02,0.0,0.918,0.0,,
2015-11-30 08:00,13.11,0.0,0.918,0.0,,
2015-11-30 07:00,13.15,0.0,1.053,0.0,,
2015-11-30 06:00,13.28,0.0,0.784,0.0,,
2015-11-30 05:00,13.18,0.0,1.053,0.0,,
2015-11-30 04:00,13.89,0.0,0.926,0.0,,
2015-11-30 03:00,13.03,0.0,1.061,0.0,,
2015-11-30 02:00,13.0,0.0,0.927,0.0,,
2015-11-30 01:00,13.05,0.0,1.068,0.0,,
2015-11-30 00:00,13.02,0.0,1.203,0.0,,
2015-11-29 23:00,13.25,0.0,1.068,0.0,,
2015-11-29 22:00,13.11,0.0,1.068,0.0,,
2015-11-29 21:00,13.0,0.0,1.068,0.0,,
2015-11-29 20:00,13.03,0.0,1.001,0.0,,
2015-11-29 19:00,13.01,0.0,0.936,0.0,,
2015-11-29 18:00,13.01,0.0,0.942,0.0,,
2015-11-29 17:00,13.04,0.0,1.073,0.0,,
2015-11-29 16:00,13.06,0.0,0.942,0.0,,
2015-11-29 15:00,13.57,0.0,1.077,0.0,,
2015-11-29 14:00,13.03,0.0,1.076,0.0,,
2015-11-29 13:00,13.42,0.0,1.068,0.0,,
2015-11-29 12:00,13.0,0.0,1.068,0.0,,
2015-11-29 11:00,13.35,0.0,1.068,0.0,,
2015-11-29 10:00,13.02,0.0,1.068,0.0,,
2015-11-29 09:00,13.06,0.0,1.203,0.0,,
2015-11-29 08:00,13.01,0.0,1.068,0.0,,
2015-11-29 07:00,13.31,0.0,1.068,0.0,,
2015-11-29 06:00,13.0,0.0,1.068,0.0,,
2015-11-29 05:00,13.02,0.0,1.143,0.0,,
2015-11-29 04:00,13.03,0.0,1.203,0.0,,
2015-11-29 03:00,13.06,0.0,0.946,0.0,,
2015-11-29 02:00,13.05,0.0,0.934,0.0,,
2015-11-29 01:00,13.11,0.0,1.068,0.0,,
2015-11-29 00:00,13.24,0.0,1.068,0.0,,
2015-11-28 23:00,13.02,0.0,1.001,0.0,,
2015-11-28 22:00,13.05,0.0,1.213,0.0,,
2015-11-28 21:00,13.02,0.0,1.208,0.0,,
2015-11-28 20:00,13.0,0.0,1.084,0.0,,
2015-11-28 19:00,13.01,0.0,1.353,0.0,,
2015-11-28 18:00,13.01,0.0,1.345,0.0,,
2015-11-28 17:00,13.11,0.0,1.345,0.0,,
2015-11-28 16:00,13.02,0.0,1.084,0.0,,
2015-11-28 15:00,13.5,0.0,1.084,0.0,,
2015-11-28 14:00,13.07,0.0,1.225,0.0,,
2015-11-28 13:00,13.06,0.0,0.947,0.0,,
2015-11-28 12:00,13.29,0.0,1.351,0.0,,
2015-11-28 11:00,13.01,0.0,1.207,0.0,,
2015-11-28 10:00,13.0,0.0,1.335,0.0,,
2015-11-28 09:00,13.02,0.0,1.262,0.0,,
2015-11-28 08:00,13.04,0.0,1.195,0.0,,
2015-11-28 07:00,13.02,0.0,1.33,0.0,,
2015-11-28 06:00,13.03,0.0,1.33,0.0,,
2015-11-28 05:00,13.77,0.0,1.33,0.0,,
2015-11-28 04:00,13.01,0.0,1.33,0.0,,
2015-11-28 03:00,13.02,0.0,1.33,0.0,,
2015-11-28 02:00,13.06,0.0,1.333,0.0,,
2015-11-28 01:00,13.0,0.0,1.337,0.0,,
2015-11-28 00:00,13.3,0.0,1.344,0.0,,
2015-11-27 23:00,13.25,0.0,1.467,0.0,,
2015-11-27 22:00,13.0,0.0,1.736,0.0,,
2015-11-27 21:00,13.26,0.0,1.323,0.0,,
2015-11-27 20:00,13.37,0.0,1.389,0.0,,
2015-11-27 19:00,13.17,0.0,1.322,0.0,,
2015-11-27 18:00,13.02,0.0,1.457,0.0,,
2015-11-27 17:00,13.02,0.0,1.46,0.0,,
2015-11-27 16:00,13.33,0.0,1.33,0.0,,
2015-11-27 15:00,13.11,0.0,1.334,0.0,,
2015-11-27 14:00,13.35,0.0,1.338,0.0,,
2015-11-27 13:00,13.24,0.0,1.337,0.0,,
2015-11-27 12:00,13.4,0.0,1.337,0.0,,
2015-11-27 11:00,13.53,0.0,1.33,0.0,,
2015-11-27 10:00,13.02,0.0,1.33,0.0,,
2015-11-27 09:00,13.03,0.0,1.195,0.0,,
2015-11-27 08:00,13.16,0.0,1.465,0.0,,
2015-11-27 07:00,13.24,0.0,1.332,0.0,,
2015-11-27 06:00,13.0,0.0,1.061,0.0,,
2015-11-27 05:00,14.02,0.0,-0.149,0.0,,
2015-11-27 04:00,13.02,0.0,0.926,0.0,,
2015-11-27 03:00,13.04,0.0,1.322,0.0,,
2015-11-27 02:00,13.01,0.0,1.33,0.0,,
2015-11-27 01:00,13.77,0.0,1.337,0.0,,
2015-11-27 00:00,13.13,0.0,1.337,0.0,,
2015-11-26 23:00,13.34,0.0,1.337,0.0,,
2015-11-26 22:00,13.32,0.0,1.472,0.0,,
2015-11-26 21:00,13.04,0.0,1.337,0.0,,
2015-11-26 20:00,13.16,0.0,1.068,0.0,,
2015-11-26 19:00,13.15,0.0,0.658,0.0,,
2015-11-26 18:00,13.27,0.0,1.195,0.0,,
2015-11-26 17:00,13.23,0.0,1.195,0.0,,
2015-11-26 16:00,13.08,0.0,1.061,0.0,,
2015-11-26 15:00,13.02,0.0,1.404,0.0,,
2015-11-26 14:00,13.0,0.0,1.333,0.0,,
2015-11-26 13:00,13.07,0.0,1.322,0.0,,
2015-11-26 12:00,13.02,0.0,1.456,0.0,,
2015-11-26 11:00,13.08,0.0,1.456,0.0,,
2015-11-26 10:00,13.02,0.0,1.45,0.0,,
2015-11-26 09:00,13.01,0.0,1.441,0.0,,
2015-11-26 08:00,13.08,0.0,1.441,0.0,,
2015-11-26 07:00,13.0,0.0,1.441,0.0,,
2015-11-26 06:00,13.03,0.0,1.583,0.0,,
2015-11-26 05:00,13.0,0.0,1.321,0.0,,
2015-11-26 04:00,13.06,0.0,1.578,0.0,,
2015-11-26 03:00,13.17,0.0,1.522,0.0,,
2015-11-26 02:00,13.19,0.0,1.589,0.0,,
2015-11-26 01:00,13.2,0.0,1.591,0.0,,
